key,21,22,23,24,25
#,,,,,
offset,0,4,8,12,16
int32,str,str,str,str,str
0,,,,,
1,,,,,
2,,,,,
3,,,,,
4,,,,,
5,探索任務：雲冠群島資源調查,自從漂流遺跡出現後，雲冠群島的屬性之力突然受到影響，環境也發生了劇烈變化。所以我們希望冒險者能協助我們進行大規模資源調查。<hex:02100103>你們可以在群島採掘、採伐、捕魚，隨意進行採集活動。當然，採集到的東西歸你們自己所有，因為我們的目的只有群島的資源情報。<hex:02100103><hex:02100103>※進行採集活動和參加危命任務可提升活動評價。,這裡是艾因哈特管制台……<hex:02100103>經確認，所有資源調查均已完成。,感謝各位冒險者的大力協助，<hex:02100103>請到恩惠號這裡來領取報酬。,今後你們可以隨時利用乙太洞前往另一側進行自由探索。<hex:02100103>祝你們探索順利！
6,,,,,
7,探索任務：收集過屬性水晶,屬性之力發生劇烈變化的雲冠群島很容易促使乙太結晶。帶有強大屬性之力的水晶極有可能成為重要資源。<hex:02100103>所以我們希望冒險者能幫助我們收集過屬性水晶，請將收集到的物資交給恩惠號附近的艾因哈特家的飛行員。<hex:02100103><hex:02100103>另外，在執行任務的過程中，也希望你們能夠在目標地區附近進行探索，以提高「活動評價」。<hex:02100103><hex:02100103>※參加危命任務等可提升活動評價。,這裡是艾因哈特管制台……<hex:02100103>經確認，所有探索任務均已完成。,感謝各位冒險者的大力協助。<hex:02100103>我們已經準備了相應的報酬。,今後你們可以隨時利用乙太洞前往另一側進行自由探索。<hex:02100103>祝你們探索順利！
8,探索任務：打倒危險魔獸,雲冠群島高密度的乙太吸引了很多危險的生物，這些生物正是我們探索的最大障礙。<hex:02100103>我們希望身手高強的冒險者能幫助我們排除危險魔獸，請使用能吸引特定生物的誘引香陷阱，引來目標並將其打倒。<hex:02100103><hex:02100103>另外，在執行任務的過程中，也希望你們能夠在目標地區附近進行探索，以提高「活動評價」。<hex:02100103><hex:02100103>※參加危命任務等可提升活動評價。,這裡是艾因哈特管制台……<hex:02100103>經確認，所有探索任務均已完成。,感謝各位冒險者的大力協助。<hex:02100103>我們已經準備了相應的報酬。,今後你們可以隨時利用乙太洞前往另一側進行自由探索。<hex:02100103>祝你們探索順利！
9,探索任務：打倒危險魔獸,雲冠群島高密度的乙太吸引了很多危險的生物，這些生物正是我們探索的最大障礙。<hex:02100103>我們希望身手高強的冒險者能幫助我們排除危險魔獸，請使用能吸引特定生物的誘引香陷阱，引來目標並將其打倒。<hex:02100103><hex:02100103>另外，在執行任務的過程中，也希望你們能夠在目標地區附近進行探索，以提高「活動評價」。<hex:02100103><hex:02100103>※參加危命任務等可提升活動評價。,這裡是艾因哈特管制台……<hex:02100103>雖然出現了預想不到的強敵，但已被確認排除。,感謝各位冒險者的大力協助。<hex:02100103>我們已經準備了相應的報酬。,今後你們可以隨時利用乙太洞前往另一側進行自由探索。<hex:02100103>祝你們探索順利！
10,探索任務：打倒危險魔獸,雲冠群島高密度的乙太吸引了很多危險的生物，這些生物正是我們探索的最大障礙。<hex:02100103>我們希望身手高強的冒險者能幫助我們排除危險魔獸，請使用能吸引特定生物的誘引香陷阱，引來目標並將其打倒。<hex:02100103><hex:02100103>另外，在執行任務的過程中，也希望你們能夠在目標地區附近進行探索，以提高「活動評價」。<hex:02100103><hex:02100103>※參加危命任務等可提升活動評價。,這裡是艾因哈特管制台……<hex:02100103>經確認，所有探索任務均已完成。,感謝各位冒險者的大力協助。<hex:02100103>我們已經準備了相應的報酬。,今後你們可以隨時利用乙太洞前往另一側進行自由探索。<hex:02100103>祝你們探索順利！
11,探索任務：採集雲海生物標本,雲冠群島是一座長期與外界隔離的浮島，不僅有珍稀的古代生物在此棲息，還有受到屬性之力影響的變異個體。<hex:02100103>我們希望冒險者幫忙採集這些珍稀生物的標本用作博物學研究。請使用能吸引特定生物的誘引香陷阱，引來目標並將其打倒，然後採集標本。<hex:02100103><hex:02100103>另外，在執行任務的過程中，也希望你們能夠在目標地區附近進行探索，以提高「活動評價」。<hex:02100103><hex:02100103>※參加危命任務等可提升活動評價。,這裡是艾因哈特管制台……<hex:02100103>經確認，所有探索任務均已完成。,感謝各位冒險者的大力協助。<hex:02100103>我們已經準備了相應的報酬。,今後你們可以隨時利用乙太洞前往另一側進行自由探索。<hex:02100103>祝你們探索順利！
12,探索任務：收集誘引香的素材,我們艾因哈特家在探索過程中發現了一種奇特的生物現象。在雲冠群島區域，有一部分生物可以通過散發香味來吸引其他種類的生物。<hex:02100103>為了提高狩獵的效率，我們準備利用這些生物來製作誘引香陷阱。希望冒險者能夠前往指定的兩處地點討伐特定的生物，以收集我們所需要的素材。<hex:02100103><hex:02100103>另外，在執行任務的過程中，也希望你們能夠在目標地區附近進行探索，以提高「活動評價」。<hex:02100103><hex:02100103>※參加危命任務等可提升活動評價。,這裡是艾因哈特管制台……<hex:02100103>經確認，所有探索任務均已完成。,感謝各位冒險者的大力協助。<hex:02100103>我們已經準備了相應的報酬。,今後你們可以隨時利用乙太洞前往另一側進行自由探索。<hex:02100103>祝你們探索順利！
13,探索任務：採集古生物的蛋,為了進行博物學研究，希望冒險者能幫我們採集古生物的蛋。但那些蛋被藏得很嚴密，不容易找到。因此，我們決定利用一種喜歡吃蛋的老鼠魔物。<hex:02100103>你們可以先在周圍狩獵以及探索，等想要偷蛋的老鼠出現後就立即趕往那裡打倒它們，把蛋搶過來並運到回收地點。<hex:02100103><hex:02100103>另外，在執行任務的過程中，也希望你們能夠在目標地區附近進行探索，以提高「活動評價」。<hex:02100103><hex:02100103>※參加危命任務等可提升活動評價。,已確認目標到達回收地點……<hex:02100103>只要運到那裡就好，接下來我們會進行回收的。,感謝各位冒險者的大力協助。<hex:02100103>我們已經準備了相應的報酬。,今後你們可以隨時利用乙太洞前往另一側進行自由探索。<hex:02100103>祝你們探索順利！
14,探索任務：採集古生物的蛋,為了進行博物學研究，希望冒險者能幫我們採集古生物的蛋。但那些蛋被藏得很嚴密，不容易找到。因此，我們決定利用一種喜歡吃蛋的老鼠魔物。<hex:02100103>你們可以先在周圍狩獵以及探索，等想要偷蛋的老鼠出現後就立即趕往那裡打倒它們，把蛋搶過來並運到回收地點。<hex:02100103><hex:02100103>另外，在執行任務的過程中，也希望你們能夠在目標地區附近進行探索，以提高「活動評價」。<hex:02100103><hex:02100103>※參加危命任務等可提升活動評價。,已確認目標到達回收地點……<hex:02100103>只要運到那裡就好，接下來我們會進行回收的。,感謝各位冒險者的大力協助。<hex:02100103>我們已經準備了相應的報酬。,今後你們可以隨時利用乙太洞前往另一側進行自由探索。<hex:02100103>祝你們探索順利！
15,探索任務：試劑實驗,我們艾因哈特家為了更好地進行雲冠群島探索，也在開發新型技術。其中一項成果就是這種試劑。<hex:02100103>理論上來說……這種弱化試劑能夠降低特定生物的戰鬥力。所以希望各位冒險者能幫助我們實踐證明一下它的效果。<hex:02100103><hex:02100103>另外，在執行任務的過程中，也希望你們能夠在目標地區附近進行探索，以提高「活動評價」。<hex:02100103><hex:02100103>※參加危命任務等可提升活動評價。,這裡是艾因哈特管制台……<hex:02100103>我們已經確認實驗完成。,感謝各位冒險者的大力協助。<hex:02100103>我們已經準備了相應的報酬。,今後你們可以隨時利用乙太洞前往另一側進行自由探索。<hex:02100103>祝你們探索順利！
16,,,,,
17,探索任務：收集過屬性水晶,屬性之力發生劇烈變化的雲冠群島很容易促使乙太結晶。帶有強大屬性之力的水晶極有可能成為重要資源。<hex:02100103>所以我們希望冒險者能幫助我們收集過屬性水晶，請將收集到的物資交給恩惠號附近的艾因哈特家的飛行員。<hex:02100103><hex:02100103>另外，在執行任務的過程中，也希望你們能夠在目標地區附近進行探索，以提高「活動評價」。<hex:02100103><hex:02100103>※參加危命任務等可提升活動評價。,這裡是艾因哈特管制台……<hex:02100103>經確認，所有探索任務均已完成。,感謝各位冒險者的大力協助。<hex:02100103>我們已經準備了相應的報酬。,今後你們可以隨時利用乙太洞前往另一側進行自由探索。<hex:02100103>祝你們探索順利！
18,探索任務：打倒危險魔獸,雲冠群島高密度的乙太吸引了很多危險的生物，這些生物正是我們探索的最大障礙。<hex:02100103>我們希望身手高強的冒險者能幫助我們排除危險魔獸，請使用能吸引特定生物的誘引香陷阱，引來目標並將其打倒。<hex:02100103><hex:02100103>另外，在執行任務的過程中，也希望你們能夠在目標地區附近進行探索，以提高「活動評價」。<hex:02100103><hex:02100103>※參加危命任務等可提升活動評價。,這裡是艾因哈特管制台……<hex:02100103>雖然出現了預想不到的強敵，但已被確認排除。,感謝各位冒險者的大力協助。<hex:02100103>我們已經準備了相應的報酬。,今後你們可以隨時利用乙太洞前往另一側進行自由探索。<hex:02100103>祝你們探索順利！
19,探索任務：打倒危險魔獸,雲冠群島高密度的乙太吸引了很多危險的生物，這些生物正是我們探索的最大障礙。<hex:02100103>我們希望身手高強的冒險者能幫助我們排除危險魔獸，請使用能吸引特定生物的誘引香陷阱，引來目標並將其打倒。<hex:02100103><hex:02100103>另外，在執行任務的過程中，也希望你們能夠在目標地區附近進行探索，以提高「活動評價」。<hex:02100103><hex:02100103>※參加危命任務等可提升活動評價。,這裡是艾因哈特管制台……<hex:02100103>雖然出現了預想不到的強敵，但已被確認排除。,感謝各位冒險者的大力協助。<hex:02100103>我們已經準備了相應的報酬。,今後你們可以隨時利用乙太洞前往另一側進行自由探索。<hex:02100103>祝你們探索順利！
20,探索任務：打倒危險魔獸,雲冠群島高密度的乙太吸引了很多危險的生物，這些生物正是我們探索的最大障礙。<hex:02100103>我們希望身手高強的冒險者能幫助我們排除危險魔獸，請使用能吸引特定生物的誘引香陷阱，引來目標並將其打倒。<hex:02100103><hex:02100103>另外，在執行任務的過程中，也希望你們能夠在目標地區附近進行探索，以提高「活動評價」。<hex:02100103><hex:02100103>※參加危命任務等可提升活動評價。,這裡是艾因哈特管制台……<hex:02100103>經確認，所有探索任務均已完成。,感謝各位冒險者的大力協助。<hex:02100103>我們已經準備了相應的報酬。,今後你們可以隨時利用乙太洞前往另一側進行自由探索。<hex:02100103>祝你們探索順利！
21,探索任務：採集雲海生物標本,雲冠群島是一座長期與外界隔離的浮島，不僅有珍稀的古代生物在此棲息，還有受到屬性之力影響的變異個體。<hex:02100103>我們希望冒險者幫忙採集這些珍稀生物的標本用作博物學研究。請使用能吸引特定生物的誘引香陷阱，引來目標並將其打倒，然後採集標本。<hex:02100103><hex:02100103>另外，在執行任務的過程中，也希望你們能夠在目標地區附近進行探索，以提高「活動評價」。<hex:02100103><hex:02100103>※參加危命任務等可提升活動評價。,這裡是艾因哈特管制台……<hex:02100103>經確認，所有探索任務均已完成。,感謝各位冒險者的大力協助。<hex:02100103>我們已經準備了相應的報酬。,今後你們可以隨時利用乙太洞前往另一側進行自由探索。<hex:02100103>祝你們探索順利！
22,探索任務：收集誘引香的素材,我們艾因哈特家在探索過程中發現了一種奇特的生物現象。在雲冠群島區域，有一部分生物可以通過散發香味來吸引其他種類的生物。<hex:02100103>為了提高狩獵的效率，我們準備利用這些生物來製作誘引香陷阱。希望冒險者能夠前往指定的兩處地點討伐特定的生物，以收集我們所需要的素材。<hex:02100103><hex:02100103>另外，在執行任務的過程中，也希望你們能夠在目標地區附近進行探索，以提高「活動評價」。<hex:02100103><hex:02100103>※參加危命任務等可提升活動評價。,這裡是艾因哈特管制台……<hex:02100103>經確認，所有探索任務均已完成。,感謝各位冒險者的大力協助。<hex:02100103>我們已經準備了相應的報酬。,今後你們可以隨時利用乙太洞前往另一側進行自由探索。<hex:02100103>祝你們探索順利！
23,探索任務：採集古生物的蛋,為了進行博物學研究，希望冒險者能幫我們採集古生物的蛋。但那些蛋被藏得很嚴密，不容易找到。因此，我們決定利用一種喜歡吃蛋的老鼠魔物。<hex:02100103>你們可以先在周圍狩獵以及探索，等想要偷蛋的老鼠出現後就立即趕往那裡打倒它們，把蛋搶過來並運到回收地點。<hex:02100103><hex:02100103>另外，在執行任務的過程中，也希望你們能夠在目標地區附近進行探索，以提高「活動評價」。<hex:02100103><hex:02100103>※參加危命任務等可提升活動評價。,已確認目標到達回收地點……<hex:02100103>只要運到那裡就好，接下來我們會進行回收的。,感謝各位冒險者的大力協助。<hex:02100103>我們已經準備了相應的報酬。,今後你們可以隨時利用乙太洞前往另一側進行自由探索。<hex:02100103>祝你們探索順利！
24,探索任務：採集古生物的蛋,為了進行博物學研究，希望冒險者能幫我們採集古生物的蛋。但那些蛋被藏得很嚴密，不容易找到。因此，我們決定利用一種喜歡吃蛋的老鼠魔物。<hex:02100103>你們可以先在周圍狩獵以及探索，等想要偷蛋的老鼠出現後就立即趕往那裡打倒它們，把蛋搶過來並運到回收地點。<hex:02100103><hex:02100103>另外，在執行任務的過程中，也希望你們能夠在目標地區附近進行探索，以提高「活動評價」。<hex:02100103><hex:02100103>※參加危命任務等可提升活動評價。,已確認目標到達回收地點……<hex:02100103>只要運到那裡就好，接下來我們會進行回收的。,感謝各位冒險者的大力協助。<hex:02100103>我們已經準備了相應的報酬。,今後你們可以隨時利用乙太洞前往另一側進行自由探索。<hex:02100103>祝你們探索順利！
25,探索任務：試劑實驗,我們艾因哈特家為了更好地進行雲冠群島探索，也在開發新型技術。其中一項成果就是這種試劑。<hex:02100103>理論上來說……這種弱化試劑能夠降低特定生物的戰鬥力。所以希望各位冒險者能幫助我們實踐證明一下它的效果。<hex:02100103><hex:02100103>另外，在執行任務的過程中，也希望你們能夠在目標地區附近進行探索，以提高「活動評價」。<hex:02100103><hex:02100103>※參加危命任務等可提升活動評價。,這裡是艾因哈特管制台……<hex:02100103>經確認，所有探索任務均已完成。,感謝各位冒險者的大力協助。<hex:02100103>我們已經準備了相應的報酬。,今後你們可以隨時利用乙太洞前往另一側進行自由探索。<hex:02100103>祝你們探索順利！
26,,,,,
27,探索任務：收集過屬性水晶,屬性之力發生劇烈變化的雲冠群島很容易促使乙太結晶。帶有強大屬性之力的水晶極有可能成為重要資源。<hex:02100103>所以我們希望冒險者能幫助我們收集過屬性水晶，請將收集到的物資交給恩惠號附近的艾因哈特家的飛行員。<hex:02100103><hex:02100103>另外，在執行任務的過程中，也希望你們能夠在目標地區附近進行探索，以提高「活動評價」。<hex:02100103><hex:02100103>※參加危命任務等可提升活動評價。,這裡是艾因哈特管制台……<hex:02100103>經確認，所有探索任務均已完成。,感謝各位冒險者的大力協助。<hex:02100103>我們已經準備了相應的報酬。,今後你們可以隨時利用乙太洞前往另一側進行自由探索。<hex:02100103>祝你們探索順利！
28,探索任務：打倒危險魔獸,雲冠群島高密度的乙太吸引了很多危險的生物，這些生物正是我們探索的最大障礙。<hex:02100103>我們希望身手高強的冒險者能幫助我們排除危險魔獸，請使用能吸引特定生物的誘引香陷阱，引來目標並將其打倒。<hex:02100103><hex:02100103>另外，在執行任務的過程中，也希望你們能夠在目標地區附近進行探索，以提高「活動評價」。<hex:02100103><hex:02100103>※參加危命任務等可提升活動評價。,這裡是艾因哈特管制台……<hex:02100103>經確認，所有探索任務均已完成。,感謝各位冒險者的大力協助。<hex:02100103>我們已經準備了相應的報酬。,今後你們可以隨時利用乙太洞前往另一側進行自由探索。<hex:02100103>祝你們探索順利！
29,探索任務：打倒危險魔獸,雲冠群島高密度的乙太吸引了很多危險的生物，這些生物正是我們探索的最大障礙。<hex:02100103>我們希望身手高強的冒險者能幫助我們排除危險魔獸，請使用能吸引特定生物的誘引香陷阱，引來目標並將其打倒。<hex:02100103><hex:02100103>另外，在執行任務的過程中，也希望你們能夠在目標地區附近進行探索，以提高「活動評價」。<hex:02100103><hex:02100103>※參加危命任務等可提升活動評價。,這裡是艾因哈特管制台……<hex:02100103>雖然出現了預想不到的強敵，但已被確認排除。,感謝各位冒險者的大力協助。<hex:02100103>我們已經準備了相應的報酬。,今後你們可以隨時利用乙太洞前往另一側進行自由探索。<hex:02100103>祝你們探索順利！
30,探索任務：打倒危險魔獸,雲冠群島高密度的乙太吸引了很多危險的生物，這些生物正是我們探索的最大障礙。<hex:02100103>我們希望身手高強的冒險者能幫助我們排除危險魔獸，請使用能吸引特定生物的誘引香陷阱，引來目標並將其打倒。<hex:02100103><hex:02100103>另外，在執行任務的過程中，也希望你們能夠在目標地區附近進行探索，以提高「活動評價」。<hex:02100103><hex:02100103>※參加危命任務等可提升活動評價。,這裡是艾因哈特管制台……<hex:02100103>經確認，所有探索任務均已完成。,感謝各位冒險者的大力協助。<hex:02100103>我們已經準備了相應的報酬。,今後你們可以隨時利用乙太洞前往另一側進行自由探索。<hex:02100103>祝你們探索順利！
31,探索任務：採集雲海生物標本,雲冠群島是一座長期與外界隔離的浮島，不僅有珍稀的古代生物在此棲息，還有受到屬性之力影響的變異個體。<hex:02100103>我們希望冒險者幫忙採集這些珍稀生物的標本用作博物學研究。請使用能吸引特定生物的誘引香陷阱，引來目標並將其打倒，然後採集標本。<hex:02100103><hex:02100103>另外，在執行任務的過程中，也希望你們能夠在目標地區附近進行探索，以提高「活動評價」。<hex:02100103><hex:02100103>※參加危命任務等可提升活動評價。,這裡是艾因哈特管制台……<hex:02100103>經確認，所有探索任務均已完成。,感謝各位冒險者的大力協助。<hex:02100103>我們已經準備了相應的報酬。,今後你們可以隨時利用乙太洞前往另一側進行自由探索。<hex:02100103>祝你們探索順利！
32,探索任務：收集誘引香的素材,我們艾因哈特家在探索過程中發現了一種奇特的生物現象。在雲冠群島區域，有一部分生物可以通過散發香味來吸引其他種類的生物。<hex:02100103>為了提高狩獵的效率，我們準備利用這些生物來製作誘引香陷阱。希望冒險者能夠前往指定的兩處地點討伐特定的生物，以收集我們所需要的素材。<hex:02100103><hex:02100103>另外，在執行任務的過程中，也希望你們能夠在目標地區附近進行探索，以提高「活動評價」。<hex:02100103><hex:02100103>※參加危命任務等可提升活動評價。,這裡是艾因哈特管制台……<hex:02100103>經確認，所有探索任務均已完成。,感謝各位冒險者的大力協助。<hex:02100103>我們已經準備了相應的報酬。,今後你們可以隨時利用乙太洞前往另一側進行自由探索。<hex:02100103>祝你們探索順利！
33,探索任務：採集古生物的蛋,為了進行博物學研究，希望冒險者能幫我們採集古生物的蛋。但那些蛋被藏得很嚴密，不容易找到。因此，我們決定利用一種喜歡吃蛋的老鼠魔物。<hex:02100103>你們可以先在周圍狩獵以及探索，等想要偷蛋的老鼠出現後就立即趕往那裡打倒它們，把蛋搶過來並運到回收地點。<hex:02100103><hex:02100103>另外，在執行任務的過程中，也希望你們能夠在目標地區附近進行探索，以提高「活動評價」。<hex:02100103><hex:02100103>※參加危命任務等可提升活動評價。,已確認目標到達回收地點……<hex:02100103>只要運到那裡就好，接下來我們會進行回收的。,感謝各位冒險者的大力協助。<hex:02100103>我們已經準備了相應的報酬。,今後你們可以隨時利用乙太洞前往另一側進行自由探索。<hex:02100103>祝你們探索順利！
34,探索任務：採集古生物的蛋,為了進行博物學研究，希望冒險者能幫我們採集古生物的蛋。但那些蛋被藏得很嚴密，不容易找到。因此，我們決定利用一種喜歡吃蛋的老鼠魔物。<hex:02100103>你們可以先在周圍狩獵以及探索，等想要偷蛋的老鼠出現後就立即趕往那裡打倒它們，把蛋搶過來並運到回收地點。<hex:02100103><hex:02100103>另外，在執行任務的過程中，也希望你們能夠在目標地區附近進行探索，以提高「活動評價」。<hex:02100103><hex:02100103>※參加危命任務等可提升活動評價。,已確認目標到達回收地點……<hex:02100103>只要運到那裡就好，接下來我們會進行回收的。,感謝各位冒險者的大力協助。<hex:02100103>我們已經準備了相應的報酬。,今後你們可以隨時利用乙太洞前往另一側進行自由探索。<hex:02100103>祝你們探索順利！
35,探索任務：試劑實驗,我們艾因哈特家為了更好地進行雲冠群島探索，也在開發新型技術。其中一項成果就是這種試劑。<hex:02100103>理論上來說……這種弱化試劑能夠降低特定生物的戰鬥力。所以希望各位冒險者能幫助我們實踐證明一下它的效果。<hex:02100103><hex:02100103>另外，在執行任務的過程中，也希望你們能夠在目標地區附近進行探索，以提高「活動評價」。<hex:02100103><hex:02100103>※參加危命任務等可提升活動評價。,這裡是艾因哈特管制台……<hex:02100103>我們已經確認實驗完成。,感謝各位冒險者的大力協助。<hex:02100103>我們已經準備了相應的報酬。,今後你們可以隨時利用乙太洞前往另一側進行自由探索。<hex:02100103>祝你們探索順利！
36,,,,,
37,探索任務：收集過屬性水晶,屬性之力發生劇烈變化的雲冠群島很容易促使乙太結晶。帶有強大屬性之力的水晶極有可能成為重要資源。<hex:02100103>所以我們希望冒險者能幫助我們收集過屬性水晶，請將收集到的物資交給恩惠號附近的艾因哈特家的飛行員。<hex:02100103><hex:02100103>另外，在執行任務的過程中，也希望你們能夠在目標地區附近進行探索，以提高「活動評價」。<hex:02100103><hex:02100103>※參加危命任務等可提升活動評價。,這裡是艾因哈特管制台……<hex:02100103>經確認，所有探索任務均已完成。,感謝各位冒險者的大力協助。<hex:02100103>我們已經準備了相應的報酬。,今後你們可以隨時利用乙太洞前往另一側進行自由探索。<hex:02100103>祝你們探索順利！
38,探索任務：打倒危險魔獸,雲冠群島高密度的乙太吸引了很多危險的生物，這些生物正是我們探索的最大障礙。<hex:02100103>我們希望身手高強的冒險者能幫助我們排除危險魔獸，請使用能吸引特定生物的誘引香陷阱，引來目標並將其打倒。<hex:02100103><hex:02100103>另外，在執行任務的過程中，也希望你們能夠在目標地區附近進行探索，以提高「活動評價」。<hex:02100103><hex:02100103>※參加危命任務等可提升活動評價。,這裡是艾因哈特管制台……<hex:02100103>經確認，所有探索任務均已完成。,感謝各位冒險者的大力協助。<hex:02100103>我們已經準備了相應的報酬。,今後你們可以隨時利用乙太洞前往另一側進行自由探索。<hex:02100103>祝你們探索順利！
39,探索任務：打倒危險魔獸,雲冠群島高密度的乙太吸引了很多危險的生物，這些生物正是我們探索的最大障礙。<hex:02100103>我們希望身手高強的冒險者能幫助我們排除危險魔獸，請使用能吸引特定生物的誘引香陷阱，引來目標並將其打倒。<hex:02100103><hex:02100103>另外，在執行任務的過程中，也希望你們能夠在目標地區附近進行探索，以提高「活動評價」。<hex:02100103><hex:02100103>※參加危命任務等可提升活動評價。,這裡是艾因哈特管制台……<hex:02100103>雖然出現了預想不到的強敵，但已被確認排除。,感謝各位冒險者的大力協助。<hex:02100103>我們已經準備了相應的報酬。,今後你們可以隨時利用乙太洞前往另一側進行自由探索。<hex:02100103>祝你們探索順利！
40,探索任務：打倒危險魔獸,雲冠群島高密度的乙太吸引了很多危險的生物，這些生物正是我們探索的最大障礙。<hex:02100103>我們希望身手高強的冒險者能幫助我們排除危險魔獸，請使用能吸引特定生物的誘引香陷阱，引來目標並將其打倒。<hex:02100103><hex:02100103>另外，在執行任務的過程中，也希望你們能夠在目標地區附近進行探索，以提高「活動評價」。<hex:02100103><hex:02100103>※參加危命任務等可提升活動評價。,這裡是艾因哈特管制台……<hex:02100103>經確認，所有探索任務均已完成。,感謝各位冒險者的大力協助。<hex:02100103>我們已經準備了相應的報酬。,今後你們可以隨時利用乙太洞前往另一側進行自由探索。<hex:02100103>祝你們探索順利！
41,探索任務：採集雲海生物標本,雲冠群島是一座長期與外界隔離的浮島，不僅有珍稀的古代生物在此棲息，還有受到屬性之力影響的變異個體。<hex:02100103>我們希望冒險者幫忙採集這些珍稀生物的標本用作博物學研究。請使用能吸引特定生物的誘引香陷阱，引來目標並將其打倒，然後採集標本。<hex:02100103><hex:02100103>另外，在執行任務的過程中，也希望你們能夠在目標地區附近進行探索，以提高「活動評價」。<hex:02100103><hex:02100103>※參加危命任務等可提升活動評價。,這裡是艾因哈特管制台……<hex:02100103>經確認，所有探索任務均已完成。,感謝各位冒險者的大力協助。<hex:02100103>我們已經準備了相應的報酬。,今後你們可以隨時利用乙太洞前往另一側進行自由探索。<hex:02100103>祝你們探索順利！
42,探索任務：收集誘引香的素材,我們艾因哈特家在探索過程中發現了一種奇特的生物現象。在雲冠群島區域，有一部分生物可以通過散發香味來吸引其他種類的生物。<hex:02100103>為了提高狩獵的效率，我們準備利用這些生物來製作誘引香陷阱。希望冒險者能夠前往指定的兩處地點討伐特定的生物，以收集我們所需要的素材。<hex:02100103><hex:02100103>另外，在執行任務的過程中，也希望你們能夠在目標地區附近進行探索，以提高「活動評價」。<hex:02100103><hex:02100103>※參加危命任務等可提升活動評價。,這裡是艾因哈特管制台……<hex:02100103>經確認，所有探索任務均已完成。,感謝各位冒險者的大力協助。<hex:02100103>我們已經準備了相應的報酬。,今後你們可以隨時利用乙太洞前往另一側進行自由探索。<hex:02100103>祝你們探索順利！
43,探索任務：採集古生物的蛋,為了進行博物學研究，希望冒險者能幫我們採集古生物的蛋。但那些蛋被藏得很嚴密，不容易找到。因此，我們決定利用一種喜歡吃蛋的老鼠魔物。<hex:02100103>你們可以先在周圍狩獵以及探索，等想要偷蛋的老鼠出現後就立即趕往那裡打倒它們，把蛋搶過來並運到回收地點。<hex:02100103><hex:02100103>另外，在執行任務的過程中，也希望你們能夠在目標地區附近進行探索，以提高「活動評價」。<hex:02100103><hex:02100103>※參加危命任務等可提升活動評價。,已確認目標到達回收地點……<hex:02100103>只要運到那裡就好，接下來我們會進行回收的。,感謝各位冒險者的大力協助。<hex:02100103>我們已經準備了相應的報酬。,今後你們可以隨時利用乙太洞前往另一側進行自由探索。<hex:02100103>祝你們探索順利！
44,探索任務：採集古生物的蛋,為了進行博物學研究，希望冒險者能幫我們採集古生物的蛋。但那些蛋被藏得很嚴密，不容易找到。因此，我們決定利用一種喜歡吃蛋的老鼠魔物。<hex:02100103>你們可以先在周圍狩獵以及探索，等想要偷蛋的老鼠出現後就立即趕往那裡打倒它們，把蛋搶過來並運到回收地點。<hex:02100103><hex:02100103>另外，在執行任務的過程中，也希望你們能夠在目標地區附近進行探索，以提高「活動評價」。<hex:02100103><hex:02100103>※參加危命任務等可提升活動評價。,已確認目標到達回收地點……<hex:02100103>只要運到那裡就好，接下來我們會進行回收的。,感謝各位冒險者的大力協助。<hex:02100103>我們已經準備了相應的報酬。,今後你們可以隨時利用乙太洞前往另一側進行自由探索。<hex:02100103>祝你們探索順利！
45,探索任務：試劑實驗,我們艾因哈特家為了更好地進行雲冠群島探索，也在開發新型技術。其中一項成果就是這種試劑。<hex:02100103>理論上來說……這種弱化試劑能夠降低特定生物的戰鬥力。所以希望各位冒險者能幫助我們實踐證明一下它的效果。<hex:02100103><hex:02100103>另外，在執行任務的過程中，也希望你們能夠在目標地區附近進行探索，以提高「活動評價」。<hex:02100103><hex:02100103>※參加危命任務等可提升活動評價。,這裡是艾因哈特管制台……<hex:02100103>我們已經確認實驗完成。,感謝各位冒險者的大力協助。<hex:02100103>我們已經準備了相應的報酬。,今後你們可以隨時利用乙太洞前往另一側進行自由探索。<hex:02100103>祝你們探索順利！
46,,,,,
47,探索任務：收集過屬性水晶,屬性之力發生劇烈變化的雲冠群島很容易促使乙太結晶。帶有強大屬性之力的水晶極有可能成為重要資源。<hex:02100103>所以我們希望冒險者能幫助我們收集過屬性水晶，請將收集到的物資交給恩惠號附近的艾因哈特家的飛行員。<hex:02100103><hex:02100103>另外，在執行任務的過程中，也希望你們能夠在目標地區附近進行探索，以提高「活動評價」。<hex:02100103><hex:02100103>※參加危命任務等可提升活動評價。,這裡是艾因哈特管制台……<hex:02100103>經確認，所有探索任務均已完成。,感謝各位冒險者的大力協助。<hex:02100103>我們已經準備了相應的報酬。,今後你們可以隨時利用乙太洞前往另一側進行自由探索。<hex:02100103>祝你們探索順利！
48,探索任務：打倒危險魔獸,雲冠群島高密度的乙太吸引了很多危險的生物，這些生物正是我們探索的最大障礙。<hex:02100103>我們希望身手高強的冒險者能幫助我們排除危險魔獸，請使用能吸引特定生物的誘引香陷阱，引來目標並將其打倒。<hex:02100103><hex:02100103>另外，在執行任務的過程中，也希望你們能夠在目標地區附近進行探索，以提高「活動評價」。<hex:02100103><hex:02100103>※參加危命任務等可提升活動評價。,這裡是艾因哈特管制台……<hex:02100103>經確認，所有探索任務均已完成。,感謝各位冒險者的大力協助。<hex:02100103>我們已經準備了相應的報酬。,今後你們可以隨時利用乙太洞前往另一側進行自由探索。<hex:02100103>祝你們探索順利！
49,探索任務：打倒危險魔獸,雲冠群島高密度的乙太吸引了很多危險的生物，這些生物正是我們探索的最大障礙。<hex:02100103>我們希望身手高強的冒險者能幫助我們排除危險魔獸，請使用能吸引特定生物的誘引香陷阱，引來目標並將其打倒。<hex:02100103><hex:02100103>另外，在執行任務的過程中，也希望你們能夠在目標地區附近進行探索，以提高「活動評價」。<hex:02100103><hex:02100103>※參加危命任務等可提升活動評價。,這裡是艾因哈特管制台……<hex:02100103>雖然出現了預想不到的強敵，但已被確認排除。,感謝各位冒險者的大力協助。<hex:02100103>我們已經準備了相應的報酬。,今後你們可以隨時利用乙太洞前往另一側進行自由探索。<hex:02100103>祝你們探索順利！
50,探索任務：打倒危險魔獸,雲冠群島高密度的乙太吸引了很多危險的生物，這些生物正是我們探索的最大障礙。<hex:02100103>我們希望身手高強的冒險者能幫助我們排除危險魔獸，請使用能吸引特定生物的誘引香陷阱，引來目標並將其打倒。<hex:02100103><hex:02100103>另外，在執行任務的過程中，也希望你們能夠在目標地區附近進行探索，以提高「活動評價」。<hex:02100103><hex:02100103>※參加危命任務等可提升活動評價。,這裡是艾因哈特管制台……<hex:02100103>經確認，所有探索任務均已完成。,感謝各位冒險者的大力協助。<hex:02100103>我們已經準備了相應的報酬。,今後你們可以隨時利用乙太洞前往另一側進行自由探索。<hex:02100103>祝你們探索順利！
51,探索任務：採集雲海生物標本,雲冠群島是一座長期與外界隔離的浮島，不僅有珍稀的古代生物在此棲息，還有受到屬性之力影響的變異個體。<hex:02100103>我們希望冒險者幫忙採集這些珍稀生物的標本用作博物學研究。請使用能吸引特定生物的誘引香陷阱，引來目標並將其打倒，然後採集標本。<hex:02100103><hex:02100103>另外，在執行任務的過程中，也希望你們能夠在目標地區附近進行探索，以提高「活動評價」。<hex:02100103><hex:02100103>※參加危命任務等可提升活動評價。,這裡是艾因哈特管制台……<hex:02100103>經確認，所有探索任務均已完成。,感謝各位冒險者的大力協助。<hex:02100103>我們已經準備了相應的報酬。,今後你們可以隨時利用乙太洞前往另一側進行自由探索。<hex:02100103>祝你們探索順利！
52,探索任務：收集誘引香的素材,我們艾因哈特家在探索過程中發現了一種奇特的生物現象。在雲冠群島區域，有一部分生物可以通過散發香味來吸引其他種類的生物。<hex:02100103>為了提高狩獵的效率，我們準備利用這些生物來製作誘引香陷阱。希望冒險者能夠前往指定的兩處地點討伐特定的生物，以收集我們所需要的素材。<hex:02100103><hex:02100103>另外，在執行任務的過程中，也希望你們能夠在目標地區附近進行探索，以提高「活動評價」。<hex:02100103><hex:02100103>※參加危命任務等可提升活動評價。,這裡是艾因哈特管制台……<hex:02100103>經確認，所有探索任務均已完成。,感謝各位冒險者的大力協助。<hex:02100103>我們已經準備了相應的報酬。,今後你們可以隨時利用乙太洞前往另一側進行自由探索。<hex:02100103>祝你們探索順利！
53,探索任務：採集古生物的蛋,為了進行博物學研究，希望冒險者能幫我們採集古生物的蛋。但那些蛋被藏得很嚴密，不容易找到。因此，我們決定利用一種喜歡吃蛋的老鼠魔物。<hex:02100103>你們可以先在周圍狩獵以及探索，等想要偷蛋的老鼠出現後就立即趕往那裡打倒它們，把蛋搶過來並運到回收地點。<hex:02100103><hex:02100103>另外，在執行任務的過程中，也希望你們能夠在目標地區附近進行探索，以提高「活動評價」。<hex:02100103><hex:02100103>※參加危命任務等可提升活動評價。,已確認目標到達回收地點……<hex:02100103>只要運到那裡就好，接下來我們會進行回收的。,感謝各位冒險者的大力協助。<hex:02100103>我們已經準備了相應的報酬。,今後你們可以隨時利用乙太洞前往另一側進行自由探索。<hex:02100103>祝你們探索順利！
54,探索任務：採集古生物的蛋,為了進行博物學研究，希望冒險者能幫我們採集古生物的蛋。但那些蛋被藏得很嚴密，不容易找到。因此，我們決定利用一種喜歡吃蛋的老鼠魔物。<hex:02100103>你們可以先在周圍狩獵以及探索，等想要偷蛋的老鼠出現後就立即趕往那裡打倒它們，把蛋搶過來並運到回收地點。<hex:02100103><hex:02100103>另外，在執行任務的過程中，也希望你們能夠在目標地區附近進行探索，以提高「活動評價」。<hex:02100103><hex:02100103>※參加危命任務等可提升活動評價。,已確認目標到達回收地點……<hex:02100103>只要運到那裡就好，接下來我們會進行回收的。,感謝各位冒險者的大力協助。<hex:02100103>我們已經準備了相應的報酬。,今後你們可以隨時利用乙太洞前往另一側進行自由探索。<hex:02100103>祝你們探索順利！
55,探索任務：試劑實驗,我們艾因哈特家為了更好地進行雲冠群島探索，也在開發新型技術。其中一項成果就是這種試劑。<hex:02100103>理論上來說……這種弱化試劑能夠降低特定生物的戰鬥力。所以希望各位冒險者能幫助我們實踐證明一下它的效果。<hex:02100103><hex:02100103>另外，在執行任務的過程中，也希望你們能夠在目標地區附近進行探索，以提高「活動評價」。<hex:02100103><hex:02100103>※參加危命任務等可提升活動評價。,這裡是艾因哈特管制台……<hex:02100103>經確認，所有探索任務均已完成。,感謝各位冒險者的大力協助。<hex:02100103>我們已經準備了相應的報酬。,今後你們可以隨時利用乙太洞前往另一側進行自由探索。<hex:02100103>祝你們探索順利！
56,,,,,
57,探索任務：收集過屬性水晶,屬性之力發生劇烈變化的雲冠群島很容易促使乙太結晶。帶有強大屬性之力的水晶極有可能成為重要資源。<hex:02100103>所以我們希望冒險者能幫助我們收集過屬性水晶，請將收集到的物資交給恩惠號附近的艾因哈特家的飛行員。<hex:02100103><hex:02100103>另外，在執行任務的過程中，也希望你們能夠在目標地區附近進行探索，以提高「活動評價」。<hex:02100103><hex:02100103>※參加危命任務等可提升活動評價。,這裡是艾因哈特管制台……<hex:02100103>經確認，所有探索任務均已完成。,感謝各位冒險者的大力協助。<hex:02100103>我們已經準備了相應的報酬。,今後你們可以隨時利用乙太洞前往另一側進行自由探索。<hex:02100103>祝你們探索順利！
58,探索任務：打倒危險魔獸,雲冠群島高密度的乙太吸引了很多危險的生物，這些生物正是我們探索的最大障礙。<hex:02100103>我們希望身手高強的冒險者能幫助我們排除危險魔獸，請使用能吸引特定生物的誘引香陷阱，引來目標並將其打倒。<hex:02100103><hex:02100103>另外，在執行任務的過程中，也希望你們能夠在目標地區附近進行探索，以提高「活動評價」。<hex:02100103><hex:02100103>※參加危命任務等可提升活動評價。,這裡是艾因哈特管制台……<hex:02100103>雖然出現了預想不到的強敵，但已被確認排除。,感謝各位冒險者的大力協助。<hex:02100103>我們已經準備了相應的報酬。,今後你們可以隨時利用乙太洞前往另一側進行自由探索。<hex:02100103>祝你們探索順利！
59,探索任務：打倒危險魔獸,雲冠群島高密度的乙太吸引了很多危險的生物，這些生物正是我們探索的最大障礙。<hex:02100103>我們希望身手高強的冒險者能幫助我們排除危險魔獸，請使用能吸引特定生物的誘引香陷阱，引來目標並將其打倒。<hex:02100103><hex:02100103>另外，在執行任務的過程中，也希望你們能夠在目標地區附近進行探索，以提高「活動評價」。<hex:02100103><hex:02100103>※參加危命任務等可提升活動評價。,這裡是艾因哈特管制台……<hex:02100103>經確認，所有探索任務均已完成。,感謝各位冒險者的大力協助。<hex:02100103>我們已經準備了相應的報酬。,今後你們可以隨時利用乙太洞前往另一側進行自由探索。<hex:02100103>祝你們探索順利！
60,探索任務：打倒危險魔獸,雲冠群島高密度的乙太吸引了很多危險的生物，這些生物正是我們探索的最大障礙。<hex:02100103>我們希望身手高強的冒險者能幫助我們排除危險魔獸，請使用能吸引特定生物的誘引香陷阱，引來目標並將其打倒。<hex:02100103><hex:02100103>另外，在執行任務的過程中，也希望你們能夠在目標地區附近進行探索，以提高「活動評價」。<hex:02100103><hex:02100103>※參加危命任務等可提升活動評價。,這裡是艾因哈特管制台……<hex:02100103>經確認，所有探索任務均已完成。,感謝各位冒險者的大力協助。<hex:02100103>我們已經準備了相應的報酬。,今後你們可以隨時利用乙太洞前往另一側進行自由探索。<hex:02100103>祝你們探索順利！
61,探索任務：採集雲海生物標本,雲冠群島是一座長期與外界隔離的浮島，不僅有珍稀的古代生物在此棲息，還有受到屬性之力影響的變異個體。<hex:02100103>我們希望冒險者幫忙採集這些珍稀生物的標本用作博物學研究。請使用能吸引特定生物的誘引香陷阱，引來目標並將其打倒，然後採集標本。<hex:02100103><hex:02100103>另外，在執行任務的過程中，也希望你們能夠在目標地區附近進行探索，以提高「活動評價」。<hex:02100103><hex:02100103>※參加危命任務等可提升活動評價。,這裡是艾因哈特管制台……<hex:02100103>經確認，所有探索任務均已完成。,感謝各位冒險者的大力協助。<hex:02100103>我們已經準備了相應的報酬。,今後你們可以隨時利用乙太洞前往另一側進行自由探索。<hex:02100103>祝你們探索順利！
62,探索任務：收集誘引香的素材,我們艾因哈特家在探索過程中發現了一種奇特的生物現象。在雲冠群島區域，有一部分生物可以通過散發香味來吸引其他種類的生物。<hex:02100103>為了提高狩獵的效率，我們準備利用這些生物來製作誘引香陷阱。希望冒險者能夠前往指定的兩處地點討伐特定的生物，以收集我們所需要的素材。<hex:02100103><hex:02100103>另外，在執行任務的過程中，也希望你們能夠在目標地區附近進行探索，以提高「活動評價」。<hex:02100103><hex:02100103>※參加危命任務等可提升活動評價。,這裡是艾因哈特管制台……<hex:02100103>經確認，所有探索任務均已完成。,感謝各位冒險者的大力協助。<hex:02100103>我們已經準備了相應的報酬。,今後你們可以隨時利用乙太洞前往另一側進行自由探索。<hex:02100103>祝你們探索順利！
63,探索任務：採集古生物的蛋,為了進行博物學研究，希望冒險者能幫我們採集古生物的蛋。但那些蛋被藏得很嚴密，不容易找到。因此，我們決定利用一種喜歡吃蛋的老鼠魔物。<hex:02100103>你們可以先在周圍狩獵以及探索，等想要偷蛋的老鼠出現後就立即趕往那裡打倒它們，把蛋搶過來並運到回收地點。<hex:02100103><hex:02100103>另外，在執行任務的過程中，也希望你們能夠在目標地區附近進行探索，以提高「活動評價」。<hex:02100103><hex:02100103>※參加危命任務等可提升活動評價。,已確認目標到達回收地點……<hex:02100103>只要運到那裡就好，接下來我們會進行回收的。,感謝各位冒險者的大力協助。<hex:02100103>我們已經準備了相應的報酬。,今後你們可以隨時利用乙太洞前往另一側進行自由探索。<hex:02100103>祝你們探索順利！
64,探索任務：採集古生物的蛋,為了進行博物學研究，希望冒險者能幫我們採集古生物的蛋。但那些蛋被藏得很嚴密，不容易找到。因此，我們決定利用一種喜歡吃蛋的老鼠魔物。<hex:02100103>你們可以先在周圍狩獵以及探索，等想要偷蛋的老鼠出現後就立即趕往那裡打倒它們，把蛋搶過來並運到回收地點。<hex:02100103><hex:02100103>另外，在執行任務的過程中，也希望你們能夠在目標地區附近進行探索，以提高「活動評價」。<hex:02100103><hex:02100103>※參加危命任務等可提升活動評價。,已確認目標到達回收地點……<hex:02100103>只要運到那裡就好，接下來我們會進行回收的。,感謝各位冒險者的大力協助。<hex:02100103>我們已經準備了相應的報酬。,今後你們可以隨時利用乙太洞前往另一側進行自由探索。<hex:02100103>祝你們探索順利！
65,探索任務：試劑實驗,我們艾因哈特家為了更好地進行雲冠群島探索，也在開發新型技術。其中一項成果就是這種試劑。<hex:02100103>理論上來說……這種弱化試劑能夠降低特定生物的戰鬥力。所以希望各位冒險者能幫助我們實踐證明一下它的效果。<hex:02100103><hex:02100103>另外，在執行任務的過程中，也希望你們能夠在目標地區附近進行探索，以提高「活動評價」。<hex:02100103><hex:02100103>※參加危命任務等可提升活動評價。,這裡是艾因哈特管制台……<hex:02100103>我們已經確認實驗完成。,感謝各位冒險者的大力協助。<hex:02100103>我們已經準備了相應的報酬。,今後你們可以隨時利用乙太洞前往另一側進行自由探索。<hex:02100103>祝你們探索順利！
66,,,,,
67,探索任務：收集過屬性水晶,屬性之力發生劇烈變化的雲冠群島很容易促使乙太結晶。帶有強大屬性之力的水晶極有可能成為重要資源。<hex:02100103>所以我們希望冒險者能幫助我們收集過屬性水晶，請將收集到的物資交給恩惠號附近的艾因哈特家的飛行員。<hex:02100103><hex:02100103>另外，在執行任務的過程中，也希望你們能夠在目標地區附近進行探索，以提高「活動評價」。<hex:02100103><hex:02100103>※參加危命任務等可提升活動評價。,這裡是艾因哈特管制台……<hex:02100103>經確認，所有探索任務均已完成。,感謝各位冒險者的大力協助。<hex:02100103>我們已經準備了相應的報酬。,今後你們可以隨時利用乙太洞前往另一側進行自由探索。<hex:02100103>祝你們探索順利！
68,探索任務：打倒危險魔獸,雲冠群島高密度的乙太吸引了很多危險的生物，這些生物正是我們探索的最大障礙。<hex:02100103>我們希望身手高強的冒險者能幫助我們排除危險魔獸，請使用能吸引特定生物的誘引香陷阱，引來目標並將其打倒。<hex:02100103><hex:02100103>另外，在執行任務的過程中，也希望你們能夠在目標地區附近進行探索，以提高「活動評價」。<hex:02100103><hex:02100103>※參加危命任務等可提升活動評價。,這裡是艾因哈特管制台……<hex:02100103>雖然出現了預想不到的強敵，但已被確認排除。,感謝各位冒險者的大力協助。<hex:02100103>我們已經準備了相應的報酬。,今後你們可以隨時利用乙太洞前往另一側進行自由探索。<hex:02100103>祝你們探索順利！
69,探索任務：打倒危險魔獸,雲冠群島高密度的乙太吸引了很多危險的生物，這些生物正是我們探索的最大障礙。<hex:02100103>我們希望身手高強的冒險者能幫助我們排除危險魔獸，請使用能吸引特定生物的誘引香陷阱，引來目標並將其打倒。<hex:02100103><hex:02100103>另外，在執行任務的過程中，也希望你們能夠在目標地區附近進行探索，以提高「活動評價」。<hex:02100103><hex:02100103>※參加危命任務等可提升活動評價。,這裡是艾因哈特管制台……<hex:02100103>雖然出現了預想不到的強敵，但已被確認排除。,感謝各位冒險者的大力協助。<hex:02100103>我們已經準備了相應的報酬。,今後你們可以隨時利用乙太洞前往另一側進行自由探索。<hex:02100103>祝你們探索順利！
70,探索任務：打倒危險魔獸,雲冠群島高密度的乙太吸引了很多危險的生物，這些生物正是我們探索的最大障礙。<hex:02100103>我們希望身手高強的冒險者能幫助我們排除危險魔獸，請使用能吸引特定生物的誘引香陷阱，引來目標並將其打倒。<hex:02100103><hex:02100103>另外，在執行任務的過程中，也希望你們能夠在目標地區附近進行探索，以提高「活動評價」。<hex:02100103><hex:02100103>※參加危命任務等可提升活動評價。,這裡是艾因哈特管制台……<hex:02100103>經確認，所有探索任務均已完成。,感謝各位冒險者的大力協助。<hex:02100103>我們已經準備了相應的報酬。,今後你們可以隨時利用乙太洞前往另一側進行自由探索。<hex:02100103>祝你們探索順利！
71,探索任務：採集雲海生物標本,雲冠群島是一座長期與外界隔離的浮島，不僅有珍稀的古代生物在此棲息，還有受到屬性之力影響的變異個體。<hex:02100103>我們希望冒險者幫忙採集這些珍稀生物的標本用作博物學研究。請使用能吸引特定生物的誘引香陷阱，引來目標並將其打倒，然後採集標本。<hex:02100103><hex:02100103>另外，在執行任務的過程中，也希望你們能夠在目標地區附近進行探索，以提高「活動評價」。<hex:02100103><hex:02100103>※參加危命任務等可提升活動評價。,這裡是艾因哈特管制台……<hex:02100103>經確認，所有探索任務均已完成。,感謝各位冒險者的大力協助。<hex:02100103>我們已經準備了相應的報酬。,今後你們可以隨時利用乙太洞前往另一側進行自由探索。<hex:02100103>祝你們探索順利！
72,探索任務：收集誘引香的素材,我們艾因哈特家在探索過程中發現了一種奇特的生物現象。在雲冠群島區域，有一部分生物可以通過散發香味來吸引其他種類的生物。<hex:02100103>為了提高狩獵的效率，我們準備利用這些生物來製作誘引香陷阱。希望冒險者能夠前往指定的兩處地點討伐特定的生物，以收集我們所需要的素材。<hex:02100103><hex:02100103>另外，在執行任務的過程中，也希望你們能夠在目標地區附近進行探索，以提高「活動評價」。<hex:02100103><hex:02100103>※參加危命任務等可提升活動評價。,這裡是艾因哈特管制台……<hex:02100103>經確認，所有探索任務均已完成。,感謝各位冒險者的大力協助。<hex:02100103>我們已經準備了相應的報酬。,今後你們可以隨時利用乙太洞前往另一側進行自由探索。<hex:02100103>祝你們探索順利！
73,探索任務：採集古生物的蛋,為了進行博物學研究，希望冒險者能幫我們採集古生物的蛋。但那些蛋被藏得很嚴密，不容易找到。因此，我們決定利用一種喜歡吃蛋的老鼠魔物。<hex:02100103>你們可以先在周圍狩獵以及探索，等想要偷蛋的老鼠出現後就立即趕往那裡打倒它們，把蛋搶過來並運到回收地點。<hex:02100103><hex:02100103>另外，在執行任務的過程中，也希望你們能夠在目標地區附近進行探索，以提高「活動評價」。<hex:02100103><hex:02100103>※參加危命任務等可提升活動評價。,已確認目標到達回收地點……<hex:02100103>只要運到那裡就好，接下來我們會進行回收的。,感謝各位冒險者的大力協助。<hex:02100103>我們已經準備了相應的報酬。,今後你們可以隨時利用乙太洞前往另一側進行自由探索。<hex:02100103>祝你們探索順利！
74,探索任務：採集古生物的蛋,為了進行博物學研究，希望冒險者能幫我們採集古生物的蛋。但那些蛋被藏得很嚴密，不容易找到。因此，我們決定利用一種喜歡吃蛋的老鼠魔物。<hex:02100103>你們可以先在周圍狩獵以及探索，等想要偷蛋的老鼠出現後就立即趕往那裡打倒它們，把蛋搶過來並運到回收地點。<hex:02100103><hex:02100103>另外，在執行任務的過程中，也希望你們能夠在目標地區附近進行探索，以提高「活動評價」。<hex:02100103><hex:02100103>※參加危命任務等可提升活動評價。,已確認目標到達回收地點……<hex:02100103>只要運到那裡就好，接下來我們會進行回收的。,感謝各位冒險者的大力協助。<hex:02100103>我們已經準備了相應的報酬。,今後你們可以隨時利用乙太洞前往另一側進行自由探索。<hex:02100103>祝你們探索順利！
75,探索任務：試劑實驗,我們艾因哈特家為了更好地進行雲冠群島探索，也在開發新型技術。其中一項成果就是這種試劑。<hex:02100103>理論上來說……這種弱化試劑能夠降低特定生物的戰鬥力。所以希望各位冒險者能幫助我們實踐證明一下它的效果。<hex:02100103><hex:02100103>另外，在執行任務的過程中，也希望你們能夠在目標地區附近進行探索，以提高「活動評價」。<hex:02100103><hex:02100103>※參加危命任務等可提升活動評價。,這裡是艾因哈特管制台……<hex:02100103>經確認，所有探索任務均已完成。,感謝各位冒險者的大力協助。<hex:02100103>我們已經準備了相應的報酬。,今後你們可以隨時利用乙太洞前往另一側進行自由探索。<hex:02100103>祝你們探索順利！
76,,,,,
77,探索任務：收集過屬性水晶,屬性之力發生劇烈變化的雲冠群島很容易促使乙太結晶。帶有強大屬性之力的水晶極有可能成為重要資源。<hex:02100103>所以我們希望冒險者能幫助我們收集過屬性水晶，請將收集到的物資交給恩惠號附近的艾因哈特家的飛行員。<hex:02100103><hex:02100103>另外，在執行任務的過程中，也希望你們能夠在目標地區附近進行探索，以提高「活動評價」。<hex:02100103><hex:02100103>※參加危命任務等可提升活動評價。,這裡是艾因哈特管制台……<hex:02100103>經確認，所有探索任務均已完成。,感謝各位冒險者的大力協助。<hex:02100103>我們已經準備了相應的報酬。,今後你們可以隨時利用乙太洞前往另一側進行自由探索。<hex:02100103>祝你們探索順利！
78,探索任務：打倒危險魔獸,雲冠群島高密度的乙太吸引了很多危險的生物，這些生物正是我們探索的最大障礙。<hex:02100103>我們希望身手高強的冒險者能幫助我們排除危險魔獸，請使用能吸引特定生物的誘引香陷阱，引來目標並將其打倒。<hex:02100103><hex:02100103>另外，在執行任務的過程中，也希望你們能夠在目標地區附近進行探索，以提高「活動評價」。<hex:02100103><hex:02100103>※參加危命任務等可提升活動評價。,這裡是艾因哈特管制台……<hex:02100103>雖然出現了預想不到的強敵，但已被確認排除。,感謝各位冒險者的大力協助。<hex:02100103>我們已經準備了相應的報酬。,今後你們可以隨時利用乙太洞前往另一側進行自由探索。<hex:02100103>祝你們探索順利！
79,探索任務：打倒危險魔獸,雲冠群島高密度的乙太吸引了很多危險的生物，這些生物正是我們探索的最大障礙。<hex:02100103>我們希望身手高強的冒險者能幫助我們排除危險魔獸，請使用能吸引特定生物的誘引香陷阱，引來目標並將其打倒。<hex:02100103><hex:02100103>另外，在執行任務的過程中，也希望你們能夠在目標地區附近進行探索，以提高「活動評價」。<hex:02100103><hex:02100103>※參加危命任務等可提升活動評價。,這裡是艾因哈特管制台……<hex:02100103>雖然出現了預想不到的強敵，但已被確認排除。,感謝各位冒險者的大力協助。<hex:02100103>我們已經準備了相應的報酬。,今後你們可以隨時利用乙太洞前往另一側進行自由探索。<hex:02100103>祝你們探索順利！
80,探索任務：打倒危險魔獸,雲冠群島高密度的乙太吸引了很多危險的生物，這些生物正是我們探索的最大障礙。<hex:02100103>我們希望身手高強的冒險者能幫助我們排除危險魔獸，請使用能吸引特定生物的誘引香陷阱，引來目標並將其打倒。<hex:02100103><hex:02100103>另外，在執行任務的過程中，也希望你們能夠在目標地區附近進行探索，以提高「活動評價」。<hex:02100103><hex:02100103>※參加危命任務等可提升活動評價。,這裡是艾因哈特管制台……<hex:02100103>經確認，所有探索任務均已完成。,感謝各位冒險者的大力協助。<hex:02100103>我們已經準備了相應的報酬。,今後你們可以隨時利用乙太洞前往另一側進行自由探索。<hex:02100103>祝你們探索順利！
81,探索任務：採集雲海生物標本,雲冠群島是一座長期與外界隔離的浮島，不僅有珍稀的古代生物在此棲息，還有受到屬性之力影響的變異個體。<hex:02100103>我們希望冒險者幫忙採集這些珍稀生物的標本用作博物學研究。請使用能吸引特定生物的誘引香陷阱，引來目標並將其打倒，然後採集標本。<hex:02100103><hex:02100103>另外，在執行任務的過程中，也希望你們能夠在目標地區附近進行探索，以提高「活動評價」。<hex:02100103><hex:02100103>※參加危命任務等可提升活動評價。,這裡是艾因哈特管制台……<hex:02100103>經確認，所有探索任務均已完成。,感謝各位冒險者的大力協助。<hex:02100103>我們已經準備了相應的報酬。,今後你們可以隨時利用乙太洞前往另一側進行自由探索。<hex:02100103>祝你們探索順利！
82,探索任務：收集誘引香的素材,我們艾因哈特家在探索過程中發現了一種奇特的生物現象。在雲冠群島區域，有一部分生物可以通過散發香味來吸引其他種類的生物。<hex:02100103>為了提高狩獵的效率，我們準備利用這些生物來製作誘引香陷阱。希望冒險者能夠前往指定的兩處地點討伐特定的生物，以收集我們所需要的素材。<hex:02100103><hex:02100103>另外，在執行任務的過程中，也希望你們能夠在目標地區附近進行探索，以提高「活動評價」。<hex:02100103><hex:02100103>※參加危命任務等可提升活動評價。,這裡是艾因哈特管制台……<hex:02100103>經確認，所有探索任務均已完成。,感謝各位冒險者的大力協助。<hex:02100103>我們已經準備了相應的報酬。,今後你們可以隨時利用乙太洞前往另一側進行自由探索。<hex:02100103>祝你們探索順利！
83,探索任務：採集古生物的蛋,為了進行博物學研究，希望冒險者能幫我們採集古生物的蛋。但那些蛋被藏得很嚴密，不容易找到。因此，我們決定利用一種喜歡吃蛋的老鼠魔物。<hex:02100103>你們可以先在周圍狩獵以及探索，等想要偷蛋的老鼠出現後就立即趕往那裡打倒它們，把蛋搶過來並運到回收地點。<hex:02100103><hex:02100103>另外，在執行任務的過程中，也希望你們能夠在目標地區附近進行探索，以提高「活動評價」。<hex:02100103><hex:02100103>※參加危命任務等可提升活動評價。,已確認目標到達回收地點……<hex:02100103>只要運到那裡就好，接下來我們會進行回收的。,感謝各位冒險者的大力協助。<hex:02100103>我們已經準備了相應的報酬。,今後你們可以隨時利用乙太洞前往另一側進行自由探索。<hex:02100103>祝你們探索順利！
84,探索任務：採集古生物的蛋,為了進行博物學研究，希望冒險者能幫我們採集古生物的蛋。但那些蛋被藏得很嚴密，不容易找到。因此，我們決定利用一種喜歡吃蛋的老鼠魔物。<hex:02100103>你們可以先在周圍狩獵以及探索，等想要偷蛋的老鼠出現後就立即趕往那裡打倒它們，把蛋搶過來並運到回收地點。<hex:02100103><hex:02100103>另外，在執行任務的過程中，也希望你們能夠在目標地區附近進行探索，以提高「活動評價」。<hex:02100103><hex:02100103>※參加危命任務等可提升活動評價。,已確認目標到達回收地點……<hex:02100103>只要運到那裡就好，接下來我們會進行回收的。,感謝各位冒險者的大力協助。<hex:02100103>我們已經準備了相應的報酬。,今後你們可以隨時利用乙太洞前往另一側進行自由探索。<hex:02100103>祝你們探索順利！
85,探索任務：試劑實驗,我們艾因哈特家為了更好地進行雲冠群島探索，也在開發新型技術。其中一項成果就是這種試劑。<hex:02100103>理論上來說……這種弱化試劑能夠降低特定生物的戰鬥力。所以希望各位冒險者能幫助我們實踐證明一下它的效果。<hex:02100103><hex:02100103>另外，在執行任務的過程中，也希望你們能夠在目標地區附近進行探索，以提高「活動評價」。<hex:02100103><hex:02100103>※參加危命任務等可提升活動評價。,這裡是艾因哈特管制台……<hex:02100103>我們已經確認實驗完成。,感謝各位冒險者的大力協助。<hex:02100103>我們已經準備了相應的報酬。,今後你們可以隨時利用乙太洞前往另一側進行自由探索。<hex:02100103>祝你們探索順利！
86,,,,,
87,探索任務：收集過屬性水晶,屬性之力發生劇烈變化的雲冠群島很容易促使乙太結晶。帶有強大屬性之力的水晶極有可能成為重要資源。<hex:02100103>所以我們希望冒險者能幫助我們收集過屬性水晶，請將收集到的物資交給恩惠號附近的艾因哈特家的飛行員。<hex:02100103><hex:02100103>另外，在執行任務的過程中，也希望你們能夠在目標地區附近進行探索，以提高「活動評價」。<hex:02100103><hex:02100103>※參加危命任務等可提升活動評價。,這裡是艾因哈特管制台……<hex:02100103>經確認，所有探索任務均已完成。,感謝各位冒險者的大力協助。<hex:02100103>我們已經準備了相應的報酬。,今後你們可以隨時利用乙太洞前往另一側進行自由探索。<hex:02100103>祝你們探索順利！
88,探索任務：打倒危險魔獸,雲冠群島高密度的乙太吸引了很多危險的生物，這些生物正是我們探索的最大障礙。<hex:02100103>我們希望身手高強的冒險者能幫助我們排除危險魔獸，請使用能吸引特定生物的誘引香陷阱，引來目標並將其打倒。<hex:02100103><hex:02100103>另外，在執行任務的過程中，也希望你們能夠在目標地區附近進行探索，以提高「活動評價」。<hex:02100103><hex:02100103>※參加危命任務等可提升活動評價。,這裡是艾因哈特管制台……<hex:02100103>經確認，所有探索任務均已完成。,感謝各位冒險者的大力協助。<hex:02100103>我們已經準備了相應的報酬。,今後你們可以隨時利用乙太洞前往另一側進行自由探索。<hex:02100103>祝你們探索順利！
89,探索任務：打倒危險魔獸,雲冠群島高密度的乙太吸引了很多危險的生物，這些生物正是我們探索的最大障礙。<hex:02100103>我們希望身手高強的冒險者能幫助我們排除危險魔獸，請使用能吸引特定生物的誘引香陷阱，引來目標並將其打倒。<hex:02100103><hex:02100103>另外，在執行任務的過程中，也希望你們能夠在目標地區附近進行探索，以提高「活動評價」。<hex:02100103><hex:02100103>※參加危命任務等可提升活動評價。,這裡是艾因哈特管制台……<hex:02100103>雖然出現了預想不到的強敵，但已被確認排除。,感謝各位冒險者的大力協助。<hex:02100103>我們已經準備了相應的報酬。,今後你們可以隨時利用乙太洞前往另一側進行自由探索。<hex:02100103>祝你們探索順利！
90,探索任務：打倒危險魔獸,雲冠群島高密度的乙太吸引了很多危險的生物，這些生物正是我們探索的最大障礙。<hex:02100103>我們希望身手高強的冒險者能幫助我們排除危險魔獸，請使用能吸引特定生物的誘引香陷阱，引來目標並將其打倒。<hex:02100103><hex:02100103>另外，在執行任務的過程中，也希望你們能夠在目標地區附近進行探索，以提高「活動評價」。<hex:02100103><hex:02100103>※參加危命任務等可提升活動評價。,這裡是艾因哈特管制台……<hex:02100103>經確認，所有探索任務均已完成。,感謝各位冒險者的大力協助。<hex:02100103>我們已經準備了相應的報酬。,今後你們可以隨時利用乙太洞前往另一側進行自由探索。<hex:02100103>祝你們探索順利！
91,探索任務：採集雲海生物標本,雲冠群島是一座長期與外界隔離的浮島，不僅有珍稀的古代生物在此棲息，還有受到屬性之力影響的變異個體。<hex:02100103>我們希望冒險者幫忙採集這些珍稀生物的標本用作博物學研究。請使用能吸引特定生物的誘引香陷阱，引來目標並將其打倒，然後採集標本。<hex:02100103><hex:02100103>另外，在執行任務的過程中，也希望你們能夠在目標地區附近進行探索，以提高「活動評價」。<hex:02100103><hex:02100103>※參加危命任務等可提升活動評價。,這裡是艾因哈特管制台……<hex:02100103>經確認，所有探索任務均已完成。,感謝各位冒險者的大力協助。<hex:02100103>我們已經準備了相應的報酬。,今後你們可以隨時利用乙太洞前往另一側進行自由探索。<hex:02100103>祝你們探索順利！
92,探索任務：收集誘引香的素材,我們艾因哈特家在探索過程中發現了一種奇特的生物現象。在雲冠群島區域，有一部分生物可以通過散發香味來吸引其他種類的生物。<hex:02100103>為了提高狩獵的效率，我們準備利用這些生物來製作誘引香陷阱。希望冒險者能夠前往指定的兩處地點討伐特定的生物，以收集我們所需要的素材。<hex:02100103><hex:02100103>另外，在執行任務的過程中，也希望你們能夠在目標地區附近進行探索，以提高「活動評價」。<hex:02100103><hex:02100103>※參加危命任務等可提升活動評價。,這裡是艾因哈特管制台……<hex:02100103>經確認，所有探索任務均已完成。,感謝各位冒險者的大力協助。<hex:02100103>我們已經準備了相應的報酬。,今後你們可以隨時利用乙太洞前往另一側進行自由探索。<hex:02100103>祝你們探索順利！
93,探索任務：採集古生物的蛋,為了進行博物學研究，希望冒險者能幫我們採集古生物的蛋。但那些蛋被藏得很嚴密，不容易找到。因此，我們決定利用一種喜歡吃蛋的老鼠魔物。<hex:02100103>你們可以先在周圍狩獵以及探索，等想要偷蛋的老鼠出現後就立即趕往那裡打倒它們，把蛋搶過來並運到回收地點。<hex:02100103><hex:02100103>另外，在執行任務的過程中，也希望你們能夠在目標地區附近進行探索，以提高「活動評價」。<hex:02100103><hex:02100103>※參加危命任務等可提升活動評價。,已確認目標到達回收地點……<hex:02100103>只要運到那裡就好，接下來我們會進行回收的。,感謝各位冒險者的大力協助。<hex:02100103>我們已經準備了相應的報酬。,今後你們可以隨時利用乙太洞前往另一側進行自由探索。<hex:02100103>祝你們探索順利！
94,探索任務：採集古生物的蛋,為了進行博物學研究，希望冒險者能幫我們採集古生物的蛋。但那些蛋被藏得很嚴密，不容易找到。因此，我們決定利用一種喜歡吃蛋的老鼠魔物。<hex:02100103>你們可以先在周圍狩獵以及探索，等想要偷蛋的老鼠出現後就立即趕往那裡打倒它們，把蛋搶過來並運到回收地點。<hex:02100103><hex:02100103>另外，在執行任務的過程中，也希望你們能夠在目標地區附近進行探索，以提高「活動評價」。<hex:02100103><hex:02100103>※參加危命任務等可提升活動評價。,已確認目標到達回收地點……<hex:02100103>只要運到那裡就好，接下來我們會進行回收的。,感謝各位冒險者的大力協助。<hex:02100103>我們已經準備了相應的報酬。,今後你們可以隨時利用乙太洞前往另一側進行自由探索。<hex:02100103>祝你們探索順利！
95,探索任務：試劑實驗,我們艾因哈特家為了更好地進行雲冠群島探索，也在開發新型技術。其中一項成果就是這種試劑。<hex:02100103>理論上來說……這種弱化試劑能夠降低特定生物的戰鬥力。所以希望各位冒險者能幫助我們實踐證明一下它的效果。<hex:02100103><hex:02100103>另外，在執行任務的過程中，也希望你們能夠在目標地區附近進行探索，以提高「活動評價」。<hex:02100103><hex:02100103>※參加危命任務等可提升活動評價。,這裡是艾因哈特管制台……<hex:02100103>經確認，所有探索任務均已完成。,感謝各位冒險者的大力協助。<hex:02100103>我們已經準備了相應的報酬。,今後你們可以隨時利用乙太洞前往另一側進行自由探索。<hex:02100103>祝你們探索順利！
96,,,,,
97,,,,,
98,,,,,
99,,,,,
100,,,,,
